title,type,release_year,rating,duration,country,genre
Title 1,Movie,2012,R,67,Japan,Comedy
Title 2,TV Show,2001,PG-13,174,Canada,Documentary
Title 3,Movie,2023,R,103,Japan,Documentary
Title 4,Movie,2005,TV-MA,83,India,Thriller
Title 5,Movie,2000,TV-14,148,Japan,Drama
Title 6,Movie,1999,G,174,United States,Comedy
Title 7,Movie,1999,PG,89,France,Action
Title 8,TV Show,2015,TV-14,111,Japan,Documentary
Title 9,TV Show,2018,R,77,Japan,Comedy
Title 10,Movie,2013,G,116,France,Romance
Title 11,TV Show,2013,PG-13,103,United States,Drama
Title 12,Movie,2017,TV-14,93,United Kingdom,Thriller
Title 13,Movie,2016,PG,108,Japan,Documentary
Title 14,TV Show,2005,R,138,United Kingdom,Drama
Title 15,Movie,2006,PG,166,India,Documentary
Title 16,Movie,2022,TV-MA,102,India,Comedy
Title 17,Movie,2022,PG-13,140,France,Drama
Title 18,TV Show,2009,TV-14,171,United States,Action
Title 19,TV Show,2014,PG-13,177,United States,Documentary
Title 20,TV Show,2011,PG-13,61,Canada,Romance
Title 21,TV Show,2019,TV-MA,166,United Kingdom,Romance
Title 22,TV Show,2019,R,113,Japan,Action
Title 23,Movie,1996,TV-14,124,United Kingdom,Romance
Title 24,TV Show,2003,R,175,India,Thriller
Title 25,Movie,2002,R,116,India,Romance
Title 26,Movie,2000,R,75,United Kingdom,Romance
Title 27,Movie,2010,R,140,Canada,Documentary
Title 28,TV Show,2018,G,132,India,Comedy
Title 29,Movie,2004,TV-MA,165,India,Drama
Title 30,Movie,2015,PG-13,80,Japan,Romance
Title 31,Movie,1995,R,121,Canada,Comedy
Title 32,TV Show,2018,R,123,Japan,Action
Title 33,Movie,2009,PG-13,114,Japan,Documentary
Title 34,Movie,1997,PG-13,103,France,Thriller
Title 35,Movie,2014,G,85,United Kingdom,Action
Title 36,Movie,2020,TV-MA,60,United States,Thriller
Title 37,Movie,2016,PG,109,United States,Comedy
Title 38,Movie,1999,TV-14,99,United States,Action
Title 39,TV Show,1995,G,62,United States,Comedy
Title 40,TV Show,2022,PG,130,United States,Thriller
Title 41,Movie,2021,G,63,France,Romance
Title 42,Movie,2015,TV-MA,90,United Kingdom,Comedy
Title 43,TV Show,2000,TV-MA,73,India,Drama
Title 44,Movie,2021,PG,80,United States,Romance
Title 45,TV Show,2019,R,176,Canada,Romance
Title 46,TV Show,2012,TV-14,135,United States,Drama
Title 47,Movie,1999,R,71,France,Action
Title 48,Movie,2019,R,65,United Kingdom,Drama
Title 49,Movie,1995,PG,172,Canada,Documentary
Title 50,Movie,2012,R,76,United States,Romance
Title 51,Movie,2012,PG-13,137,France,Action
Title 52,Movie,2003,PG-13,122,United States,Action
Title 53,TV Show,2004,TV-MA,68,United States,Thriller
Title 54,Movie,1999,PG,87,Canada,Drama
Title 55,Movie,2004,R,66,France,Romance
Title 56,Movie,2007,PG-13,168,United Kingdom,Comedy
Title 57,TV Show,2011,R,178,France,Thriller
Title 58,Movie,1998,TV-14,102,United Kingdom,Documentary
Title 59,Movie,1995,G,64,United Kingdom,Documentary
Title 60,Movie,2009,R,164,United Kingdom,Comedy
Title 61,Movie,2018,TV-MA,165,United Kingdom,Action
Title 62,Movie,1995,G,75,France,Romance
Title 63,TV Show,2019,PG,120,Canada,Documentary
Title 64,Movie,2023,R,60,United Kingdom,Documentary
Title 65,Movie,2006,R,99,India,Romance
Title 66,Movie,1996,G,97,United Kingdom,Drama
Title 67,TV Show,2013,TV-MA,66,India,Romance
Title 68,Movie,2009,TV-MA,175,United States,Romance
Title 69,TV Show,2007,TV-MA,153,United Kingdom,Drama
Title 70,Movie,2003,TV-14,118,India,Drama
Title 71,TV Show,2000,PG,171,United Kingdom,Romance
Title 72,Movie,2019,G,85,France,Romance
Title 73,TV Show,1997,PG-13,136,Canada,Thriller
Title 74,Movie,2012,PG,124,United States,Comedy
Title 75,TV Show,2010,TV-MA,122,Canada,Thriller
Title 76,Movie,1998,TV-MA,112,Canada,Thriller
Title 77,Movie,2016,R,110,France,Action
Title 78,Movie,2011,TV-14,109,Japan,Romance
Title 79,Movie,2013,TV-14,88,India,Thriller
Title 80,Movie,2000,PG,131,United States,Romance
Title 81,Movie,2019,G,125,Canada,Thriller
Title 82,Movie,2017,TV-MA,168,United Kingdom,Action
Title 83,Movie,2013,PG-13,172,Japan,Romance
Title 84,TV Show,2002,R,110,India,Comedy
Title 85,Movie,2018,G,67,United States,Action
Title 86,Movie,2012,G,164,Canada,Drama
Title 87,Movie,2021,TV-14,86,Japan,Comedy
Title 88,Movie,2019,G,100,Canada,Documentary
Title 89,Movie,1999,TV-14,121,India,Documentary
Title 90,TV Show,2008,TV-14,108,United Kingdom,Thriller
Title 91,Movie,2020,TV-14,170,Canada,Romance
Title 92,TV Show,2021,R,82,France,Romance
Title 93,Movie,2023,PG-13,74,France,Comedy
Title 94,TV Show,2014,TV-MA,123,Japan,Drama
Title 95,Movie,2010,R,155,India,Romance
Title 96,Movie,2014,R,145,United States,Documentary
Title 97,Movie,2009,PG-13,112,India,Drama
Title 98,Movie,2013,G,67,Japan,Drama
Title 99,TV Show,2020,TV-MA,96,India,Action
Title 100,Movie,1995,PG,140,United States,Comedy
Title 101,TV Show,2022,G,130,United States,Comedy
Title 102,Movie,1999,TV-14,166,United States,Comedy
Title 103,TV Show,2001,G,80,United Kingdom,Documentary
Title 104,TV Show,2015,PG-13,98,Canada,Thriller
Title 105,Movie,2007,PG,64,India,Comedy
Title 106,Movie,1998,TV-MA,76,France,Romance
Title 107,Movie,2013,TV-MA,158,United States,Romance
Title 108,Movie,2008,TV-MA,171,United States,Comedy
Title 109,Movie,2014,PG-13,116,United States,Romance
Title 110,TV Show,2012,TV-14,171,Canada,Action
Title 111,Movie,1996,PG,74,France,Thriller
Title 112,TV Show,2013,PG,171,Japan,Documentary
Title 113,TV Show,2007,G,163,Japan,Thriller
Title 114,Movie,2010,TV-14,75,India,Drama
Title 115,TV Show,2022,R,148,Canada,Drama
Title 116,Movie,2002,PG,74,United Kingdom,Documentary
Title 117,TV Show,1997,TV-MA,70,Japan,Thriller
Title 118,Movie,2002,TV-MA,178,Japan,Comedy
Title 119,TV Show,2008,R,64,France,Comedy
Title 120,TV Show,2011,R,144,France,Action
Title 121,TV Show,1996,G,165,United Kingdom,Documentary
Title 122,Movie,2019,G,164,India,Documentary
Title 123,TV Show,2011,PG-13,112,France,Thriller
Title 124,Movie,2008,TV-14,135,United States,Documentary
Title 125,Movie,2022,TV-MA,113,India,Romance
Title 126,Movie,2000,PG-13,153,Japan,Romance
Title 127,Movie,2013,TV-MA,127,Japan,Drama
Title 128,Movie,2019,PG-13,176,Canada,Documentary
Title 129,TV Show,2011,G,104,United Kingdom,Thriller
Title 130,Movie,2007,PG,150,United States,Drama
Title 131,Movie,1999,TV-14,151,United States,Action
Title 132,Movie,2011,R,62,United States,Documentary
Title 133,Movie,2014,TV-MA,120,Canada,Drama
Title 134,Movie,2009,TV-14,126,United States,Action
Title 135,Movie,2003,G,83,France,Thriller
Title 136,Movie,2009,G,169,United States,Action
Title 137,Movie,2012,G,88,India,Drama
Title 138,TV Show,2005,PG-13,113,France,Documentary
Title 139,TV Show,2022,TV-14,78,United States,Thriller
Title 140,Movie,2009,R,171,Japan,Drama
Title 141,TV Show,2001,G,119,Canada,Romance
Title 142,Movie,2008,PG-13,125,United States,Documentary
Title 143,Movie,1999,G,128,Canada,Comedy
Title 144,TV Show,2017,PG-13,96,France,Action
Title 145,TV Show,2010,TV-14,141,France,Action
Title 146,TV Show,2009,PG,84,France,Documentary
Title 147,Movie,2005,PG-13,149,France,Comedy
Title 148,TV Show,2020,TV-MA,167,Canada,Documentary
Title 149,TV Show,2006,R,136,India,Action
Title 150,TV Show,2022,PG-13,94,Canada,Action
Title 151,Movie,2017,R,145,Canada,Documentary
Title 152,TV Show,2009,PG-13,116,United States,Romance
Title 153,Movie,2006,R,174,United States,Documentary
Title 154,Movie,2015,TV-14,123,Canada,Thriller
Title 155,Movie,2018,PG,133,United Kingdom,Documentary
Title 156,TV Show,1997,TV-MA,96,India,Action
Title 157,TV Show,2020,TV-MA,167,France,Romance
Title 158,Movie,2019,TV-MA,101,France,Documentary
Title 159,Movie,1995,PG-13,66,France,Action
Title 160,Movie,2019,TV-MA,77,United States,Documentary
Title 161,TV Show,2009,G,91,United States,Thriller
Title 162,Movie,2001,G,174,India,Romance
Title 163,TV Show,2013,TV-MA,171,Japan,Action
Title 164,TV Show,2017,TV-14,168,India,Romance
Title 165,TV Show,2009,TV-MA,66,Canada,Documentary
Title 166,TV Show,2022,PG-13,110,United States,Documentary
Title 167,Movie,2020,TV-MA,76,France,Comedy
Title 168,Movie,2008,R,90,Canada,Action
Title 169,TV Show,2007,TV-14,88,United Kingdom,Drama
Title 170,Movie,2000,PG,135,United Kingdom,Thriller
Title 171,Movie,2014,PG-13,92,Japan,Documentary
Title 172,Movie,2018,PG-13,162,India,Action
Title 173,Movie,2023,G,149,United States,Documentary
Title 174,Movie,2022,PG-13,98,United States,Action
Title 175,TV Show,2019,PG-13,89,United Kingdom,Drama
Title 176,Movie,2014,PG,62,India,Romance
Title 177,Movie,2003,TV-14,143,India,Thriller
Title 178,TV Show,2003,R,136,United States,Drama
Title 179,TV Show,2020,PG,78,Japan,Thriller
Title 180,Movie,2020,TV-14,124,United States,Action
Title 181,Movie,2010,TV-14,101,United Kingdom,Thriller
Title 182,Movie,2023,TV-14,82,Japan,Romance
Title 183,Movie,2015,R,77,France,Comedy
Title 184,Movie,2005,G,102,India,Thriller
Title 185,TV Show,2005,TV-14,64,United States,Comedy
Title 186,Movie,2015,PG,64,Japan,Romance
Title 187,Movie,2012,PG,78,Japan,Drama
Title 188,Movie,1995,PG,129,India,Documentary
Title 189,TV Show,2002,TV-MA,74,Japan,Thriller
Title 190,Movie,2001,TV-MA,70,France,Thriller
Title 191,Movie,1997,TV-14,110,United Kingdom,Thriller
Title 192,Movie,1996,PG,153,France,Thriller
Title 193,Movie,2011,PG-13,143,United Kingdom,Comedy
Title 194,TV Show,2017,G,94,India,Romance
Title 195,TV Show,2008,PG-13,63,Canada,Comedy
Title 196,Movie,2021,G,68,India,Action
Title 197,Movie,2012,TV-14,150,Canada,Action
Title 198,Movie,2017,G,142,Japan,Drama
Title 199,Movie,2002,TV-MA,128,India,Drama
Title 200,Movie,2023,G,67,Japan,Thriller
Title 201,Movie,1996,PG,166,France,Action
Title 202,TV Show,2016,PG,153,United Kingdom,Comedy
Title 203,Movie,1997,TV-14,95,India,Romance
Title 204,Movie,1995,TV-14,139,Japan,Action
Title 205,Movie,2013,G,106,United States,Action
Title 206,Movie,2001,TV-MA,105,United Kingdom,Comedy
Title 207,TV Show,2001,PG-13,127,France,Action
Title 208,Movie,1998,TV-MA,118,India,Documentary
Title 209,Movie,2016,TV-MA,63,Japan,Comedy
Title 210,TV Show,1999,PG-13,130,United Kingdom,Documentary
Title 211,TV Show,2018,PG,126,United States,Comedy
Title 212,Movie,2014,TV-14,161,United Kingdom,Comedy
Title 213,TV Show,2021,R,84,India,Comedy
Title 214,Movie,2013,TV-MA,115,United States,Action
Title 215,Movie,2001,PG,119,India,Action
Title 216,TV Show,2020,G,95,Canada,Romance
Title 217,Movie,2009,TV-MA,63,United Kingdom,Drama
Title 218,Movie,2010,TV-MA,131,Japan,Documentary
Title 219,Movie,2012,G,87,United States,Romance
Title 220,TV Show,2022,R,174,India,Documentary
Title 221,Movie,2016,R,126,Canada,Comedy
Title 222,TV Show,1996,PG-13,172,India,Thriller
Title 223,Movie,2004,TV-14,131,India,Romance
Title 224,TV Show,2014,G,70,United Kingdom,Thriller
Title 225,Movie,2012,PG,169,United Kingdom,Thriller
Title 226,TV Show,2006,PG,123,Canada,Documentary
Title 227,TV Show,1995,R,172,Japan,Documentary
Title 228,Movie,2018,PG-13,65,United Kingdom,Action
Title 229,TV Show,1998,TV-14,176,United States,Comedy
Title 230,TV Show,2020,PG-13,100,Japan,Drama
Title 231,Movie,2017,PG,146,Canada,Documentary
Title 232,Movie,1999,TV-14,112,United Kingdom,Drama
Title 233,Movie,2015,TV-14,103,Japan,Drama
Title 234,Movie,2014,PG-13,125,France,Drama
Title 235,Movie,2010,TV-14,66,United States,Drama
Title 236,Movie,2000,R,88,India,Thriller
Title 237,Movie,2015,R,65,United States,Thriller
Title 238,Movie,1999,PG-13,164,United States,Thriller
Title 239,Movie,2004,R,134,Japan,Comedy
Title 240,Movie,2011,TV-14,67,United States,Romance
Title 241,TV Show,2011,R,89,France,Documentary
Title 242,Movie,2020,PG-13,160,United States,Action
Title 243,Movie,2000,R,142,France,Thriller
Title 244,Movie,1995,G,107,France,Comedy
Title 245,TV Show,2017,R,120,United Kingdom,Comedy
Title 246,Movie,1998,TV-MA,123,France,Documentary
Title 247,Movie,2003,PG,126,France,Action
Title 248,Movie,2023,G,101,Japan,Drama
Title 249,Movie,2004,PG-13,89,Japan,Comedy
Title 250,Movie,2005,PG,156,Canada,Romance
Title 251,Movie,2001,TV-MA,109,France,Romance
Title 252,TV Show,2023,PG,120,Japan,Romance
Title 253,TV Show,2007,R,112,United States,Comedy
Title 254,TV Show,2006,PG,85,India,Comedy
Title 255,TV Show,1997,PG-13,96,France,Documentary
Title 256,Movie,2022,R,79,France,Comedy
Title 257,Movie,2012,R,156,United Kingdom,Comedy
Title 258,Movie,2002,TV-MA,177,Japan,Romance
Title 259,TV Show,2002,TV-14,151,United Kingdom,Documentary
Title 260,Movie,2001,PG,86,United States,Action
Title 261,Movie,2018,TV-14,116,Canada,Action
Title 262,Movie,2021,TV-MA,116,Japan,Comedy
Title 263,Movie,2000,R,88,France,Romance
Title 264,TV Show,2004,R,105,India,Documentary
Title 265,TV Show,2019,TV-MA,147,France,Action
Title 266,TV Show,2007,R,142,Japan,Romance
Title 267,Movie,2003,TV-14,65,Canada,Comedy
Title 268,Movie,1996,TV-14,125,Japan,Comedy
Title 269,Movie,2022,PG,145,Canada,Thriller
Title 270,Movie,2009,G,94,Japan,Comedy
Title 271,TV Show,2008,TV-14,61,India,Romance
Title 272,TV Show,2010,TV-MA,153,United States,Comedy
Title 273,Movie,1999,PG-13,169,France,Drama
Title 274,TV Show,2017,G,158,France,Thriller
Title 275,Movie,2015,PG-13,74,United Kingdom,Comedy
Title 276,TV Show,1997,R,166,United States,Comedy
Title 277,TV Show,2002,G,90,India,Thriller
Title 278,TV Show,2008,R,69,France,Drama
Title 279,Movie,2003,R,114,Japan,Documentary
Title 280,TV Show,2000,TV-14,87,Japan,Thriller
Title 281,Movie,2002,TV-MA,67,Japan,Romance
Title 282,TV Show,2010,PG-13,136,Canada,Romance
Title 283,Movie,2010,TV-14,153,United States,Drama
Title 284,Movie,2004,PG,96,Canada,Comedy
Title 285,Movie,2020,TV-MA,98,Japan,Thriller
Title 286,Movie,2017,TV-MA,152,Canada,Action
Title 287,TV Show,2020,PG-13,173,France,Drama
Title 288,Movie,2020,TV-MA,145,India,Thriller
Title 289,Movie,2014,PG-13,147,India,Thriller
Title 290,Movie,2004,TV-MA,97,India,Drama
Title 291,Movie,2006,G,80,France,Action
Title 292,Movie,1998,PG-13,73,Japan,Romance
Title 293,TV Show,2021,PG,169,United Kingdom,Documentary
Title 294,Movie,2002,TV-14,100,India,Documentary
Title 295,Movie,2013,TV-MA,110,Canada,Romance
Title 296,Movie,2003,TV-14,165,Canada,Comedy
Title 297,Movie,1996,G,114,Japan,Documentary
Title 298,TV Show,1998,TV-14,125,United Kingdom,Documentary
Title 299,TV Show,2013,PG,132,United States,Comedy
Title 300,TV Show,2012,TV-MA,118,France,Documentary
Title 301,TV Show,2009,TV-MA,163,France,Romance
Title 302,TV Show,2018,TV-14,168,Canada,Action
Title 303,Movie,2005,TV-14,133,India,Drama
Title 304,Movie,2005,TV-14,109,India,Thriller
Title 305,Movie,2019,R,77,United Kingdom,Comedy
Title 306,Movie,2006,TV-MA,109,United States,Romance
Title 307,Movie,2022,PG,149,India,Documentary
Title 308,Movie,2008,PG,147,India,Thriller
Title 309,TV Show,2009,G,117,Canada,Drama
Title 310,Movie,2018,R,164,Japan,Drama
Title 311,TV Show,2000,G,175,India,Comedy
Title 312,Movie,2018,G,134,France,Comedy
Title 313,Movie,2005,TV-MA,150,India,Documentary
Title 314,Movie,2002,G,73,India,Action
Title 315,TV Show,2012,PG-13,91,United States,Drama
Title 316,Movie,2000,R,81,France,Romance
Title 317,Movie,2001,TV-MA,157,United Kingdom,Documentary
Title 318,Movie,2006,PG-13,169,France,Drama
Title 319,TV Show,2016,PG,61,United Kingdom,Documentary
Title 320,TV Show,2019,R,156,United States,Drama
Title 321,Movie,2006,PG,103,United States,Action
Title 322,Movie,2019,TV-14,115,Japan,Documentary
Title 323,Movie,2012,PG,130,Japan,Documentary
Title 324,Movie,2016,TV-MA,94,Canada,Drama
Title 325,Movie,2013,PG-13,154,United States,Documentary
Title 326,Movie,2020,R,106,India,Romance
Title 327,TV Show,2000,TV-MA,150,France,Action
Title 328,TV Show,2012,G,162,United Kingdom,Drama
Title 329,Movie,2003,R,160,France,Comedy
Title 330,Movie,2012,TV-MA,77,France,Thriller
Title 331,Movie,2005,R,172,France,Drama
Title 332,TV Show,2002,R,72,France,Romance
Title 333,Movie,2006,TV-MA,112,France,Romance
Title 334,TV Show,2019,PG,107,Japan,Comedy
Title 335,TV Show,2016,PG,176,United States,Drama
Title 336,TV Show,2009,TV-MA,99,Japan,Drama
Title 337,Movie,1995,R,172,France,Drama
Title 338,Movie,1996,PG,108,France,Romance
Title 339,Movie,2020,PG-13,115,United Kingdom,Action
Title 340,Movie,2016,G,85,France,Action
Title 341,Movie,1996,G,124,France,Comedy
Title 342,Movie,1999,PG-13,120,Japan,Romance
Title 343,Movie,2021,PG-13,162,France,Thriller
Title 344,Movie,2020,PG-13,90,India,Documentary
Title 345,TV Show,2007,R,165,Japan,Comedy
Title 346,Movie,2003,PG,171,India,Action
Title 347,Movie,2013,PG-13,160,India,Thriller
Title 348,Movie,2007,TV-MA,162,France,Comedy
Title 349,Movie,2019,TV-14,152,United States,Comedy
Title 350,TV Show,2014,G,166,India,Romance
Title 351,Movie,1998,G,147,Canada,Drama
Title 352,Movie,2005,PG-13,139,India,Action
Title 353,Movie,2002,PG,98,United Kingdom,Action
Title 354,Movie,2015,PG-13,162,United States,Drama
Title 355,Movie,2023,TV-MA,146,Japan,Thriller
Title 356,TV Show,2009,PG-13,108,United Kingdom,Thriller
Title 357,Movie,2003,R,67,United Kingdom,Thriller
Title 358,Movie,2009,PG-13,97,India,Drama
Title 359,Movie,1998,R,174,United Kingdom,Romance
Title 360,TV Show,1998,PG,126,United Kingdom,Romance
Title 361,Movie,2012,TV-14,137,United States,Documentary
Title 362,TV Show,2018,PG,80,India,Comedy
Title 363,Movie,2016,TV-MA,106,United States,Action
Title 364,Movie,2016,PG,153,France,Drama
Title 365,TV Show,2007,R,92,India,Romance
Title 366,Movie,2008,PG,112,United Kingdom,Action
Title 367,TV Show,2002,R,115,Japan,Documentary
Title 368,Movie,2021,TV-MA,79,India,Thriller
Title 369,TV Show,2010,R,168,Japan,Drama
Title 370,TV Show,2009,PG-13,168,India,Action
Title 371,TV Show,2002,PG,116,France,Romance
Title 372,Movie,2014,G,82,United States,Thriller
Title 373,TV Show,2005,PG-13,146,India,Documentary
Title 374,Movie,2008,TV-14,168,Japan,Comedy
Title 375,Movie,2013,R,161,India,Comedy
Title 376,Movie,1996,TV-14,120,Japan,Comedy
Title 377,TV Show,2006,TV-14,94,Canada,Romance
Title 378,TV Show,2013,TV-14,121,India,Drama
Title 379,Movie,2009,PG-13,114,United States,Documentary
Title 380,Movie,2022,PG-13,98,Canada,Documentary
Title 381,TV Show,2020,PG-13,145,Japan,Documentary
Title 382,Movie,2000,PG-13,152,United Kingdom,Action
Title 383,TV Show,2019,R,108,United Kingdom,Romance
Title 384,Movie,2019,PG,94,India,Action
Title 385,TV Show,2003,PG,121,United States,Romance
Title 386,TV Show,2013,PG-13,125,India,Thriller
Title 387,TV Show,1997,G,114,United Kingdom,Romance
Title 388,Movie,2021,PG,169,India,Comedy
Title 389,Movie,2006,R,170,India,Drama
Title 390,Movie,2007,R,77,United Kingdom,Action
Title 391,Movie,2006,PG,112,United Kingdom,Thriller
Title 392,Movie,2003,R,94,Canada,Comedy
Title 393,Movie,1999,R,103,Canada,Documentary
Title 394,TV Show,2012,TV-MA,73,United States,Thriller
Title 395,Movie,2007,R,77,Japan,Action
Title 396,TV Show,2012,PG,91,Japan,Romance
Title 397,Movie,2005,PG,81,United States,Drama
Title 398,Movie,2011,TV-14,158,United Kingdom,Comedy
Title 399,Movie,2005,TV-14,169,United States,Drama
Title 400,Movie,2006,G,61,United States,Action
Title 401,Movie,1997,PG-13,129,Canada,Documentary
Title 402,TV Show,2005,PG,107,United Kingdom,Thriller
Title 403,Movie,2007,R,174,Canada,Drama
Title 404,TV Show,2012,TV-14,98,India,Thriller
Title 405,TV Show,2002,TV-14,123,United Kingdom,Drama
Title 406,Movie,2011,G,91,France,Action
Title 407,Movie,2005,TV-MA,152,United States,Documentary
Title 408,Movie,1997,TV-14,162,United States,Thriller
Title 409,Movie,2020,G,174,United Kingdom,Drama
Title 410,Movie,2010,R,172,France,Drama
Title 411,Movie,2006,PG,128,Japan,Action
Title 412,Movie,2009,G,97,United Kingdom,Thriller
Title 413,Movie,2014,R,67,United States,Drama
Title 414,Movie,2015,TV-MA,127,Japan,Documentary
Title 415,Movie,2004,TV-14,114,United States,Comedy
Title 416,Movie,2021,G,81,United Kingdom,Action
Title 417,Movie,2022,R,81,Japan,Drama
Title 418,Movie,1998,PG-13,117,India,Action
Title 419,Movie,2011,PG,150,Canada,Romance
Title 420,Movie,1995,R,126,United Kingdom,Drama
Title 421,TV Show,2008,PG-13,152,India,Comedy
Title 422,TV Show,2001,PG,107,France,Documentary
Title 423,Movie,1999,TV-14,92,United States,Romance
Title 424,Movie,1998,PG,161,United States,Action
Title 425,Movie,2014,PG,93,United Kingdom,Documentary
Title 426,Movie,2012,PG-13,159,France,Thriller
Title 427,TV Show,2011,G,118,United Kingdom,Thriller
Title 428,Movie,2002,TV-14,92,Canada,Action
Title 429,TV Show,2019,PG-13,163,United Kingdom,Thriller
Title 430,Movie,2006,PG-13,77,United States,Thriller
Title 431,Movie,2017,R,69,United States,Comedy
Title 432,TV Show,2023,R,159,Japan,Romance
Title 433,Movie,2022,TV-MA,104,India,Drama
Title 434,TV Show,1997,PG-13,146,Canada,Romance
Title 435,Movie,2003,PG-13,65,Japan,Action
Title 436,Movie,2003,TV-MA,146,Japan,Comedy
Title 437,Movie,2020,PG-13,69,Japan,Documentary
Title 438,Movie,2001,PG-13,178,India,Action
Title 439,TV Show,2015,TV-MA,125,Canada,Romance
Title 440,Movie,1996,TV-MA,121,United States,Comedy
Title 441,Movie,2019,TV-MA,167,Japan,Comedy
Title 442,TV Show,2016,PG,65,Japan,Romance
Title 443,TV Show,1999,R,166,Japan,Documentary
Title 444,Movie,2014,TV-MA,128,United Kingdom,Drama
Title 445,Movie,2006,PG,67,United States,Documentary
Title 446,Movie,2000,TV-14,114,India,Documentary
Title 447,TV Show,2002,R,79,India,Romance
Title 448,TV Show,2017,TV-MA,174,United Kingdom,Comedy
Title 449,TV Show,2023,TV-14,111,Japan,Comedy
Title 450,TV Show,2005,PG-13,98,France,Drama
Title 451,Movie,2022,PG-13,177,United States,Drama
Title 452,TV Show,2017,R,179,India,Action
Title 453,Movie,2004,G,73,France,Action
Title 454,Movie,2014,R,71,France,Comedy
Title 455,TV Show,2014,PG,147,United States,Action
Title 456,Movie,2013,PG-13,162,India,Drama
Title 457,TV Show,2018,TV-14,114,France,Documentary
Title 458,Movie,2014,TV-14,113,India,Action
Title 459,TV Show,2020,PG-13,135,France,Action
Title 460,TV Show,2020,TV-MA,100,United States,Comedy
Title 461,Movie,2000,PG,177,United States,Romance
Title 462,Movie,2020,G,155,India,Romance
Title 463,Movie,2008,PG,63,United States,Thriller
Title 464,TV Show,2010,PG,179,Canada,Thriller
Title 465,Movie,2019,PG,121,United States,Documentary
Title 466,Movie,2014,PG,62,United Kingdom,Comedy
Title 467,Movie,2022,G,131,United States,Comedy
Title 468,Movie,2007,PG,62,India,Documentary
Title 469,TV Show,2021,G,85,Japan,Romance
Title 470,Movie,2019,R,106,France,Comedy
Title 471,Movie,2016,TV-14,65,Canada,Drama
Title 472,TV Show,2006,PG,76,India,Comedy
Title 473,Movie,2020,TV-MA,174,India,Action
Title 474,TV Show,1995,G,68,France,Comedy
Title 475,TV Show,2009,TV-14,141,France,Romance
Title 476,TV Show,2002,TV-14,174,United Kingdom,Drama
Title 477,TV Show,1995,G,152,India,Thriller
Title 478,TV Show,1996,TV-14,138,Canada,Drama
Title 479,TV Show,2017,PG,116,United Kingdom,Drama
Title 480,Movie,2010,TV-MA,66,United Kingdom,Action
Title 481,Movie,2023,TV-14,137,Canada,Drama
Title 482,Movie,2008,TV-14,116,France,Comedy
Title 483,Movie,2017,TV-MA,152,France,Romance
Title 484,Movie,2006,PG,63,India,Drama
Title 485,Movie,2021,TV-MA,168,United Kingdom,Drama
Title 486,Movie,2010,G,119,Canada,Comedy
Title 487,Movie,1999,TV-14,162,Canada,Documentary
Title 488,TV Show,2005,PG,171,Canada,Drama
Title 489,TV Show,2016,PG,64,United Kingdom,Thriller
Title 490,Movie,2002,PG,60,United States,Drama
Title 491,Movie,2005,R,135,United States,Drama
Title 492,Movie,2006,PG,98,India,Drama
Title 493,TV Show,2017,PG-13,66,Japan,Thriller
Title 494,Movie,1995,PG-13,175,United Kingdom,Thriller
Title 495,Movie,2012,G,80,Japan,Thriller
Title 496,Movie,2021,R,130,United Kingdom,Thriller
Title 497,Movie,2007,R,76,United States,Drama
Title 498,Movie,2022,TV-MA,124,France,Comedy
Title 499,Movie,2006,PG,127,United States,Romance
Title 500,Movie,2017,PG-13,129,Japan,Romance
Title 501,Movie,2010,R,171,United Kingdom,Drama
Title 502,Movie,2017,PG-13,121,Japan,Action
Title 503,Movie,2015,PG-13,99,Canada,Romance
Title 504,TV Show,1997,PG,119,United Kingdom,Thriller
Title 505,Movie,1997,PG-13,140,India,Action
Title 506,TV Show,2005,G,149,United States,Comedy
Title 507,TV Show,1999,G,154,India,Documentary
Title 508,Movie,2021,R,87,United States,Action
Title 509,Movie,1999,R,135,United States,Comedy
Title 510,Movie,2014,TV-MA,164,India,Action
Title 511,Movie,2007,PG-13,124,India,Romance
Title 512,Movie,2012,R,93,Canada,Thriller
Title 513,TV Show,2011,PG,85,Japan,Comedy
Title 514,TV Show,2010,R,112,India,Comedy
Title 515,Movie,2001,G,74,France,Action
Title 516,TV Show,2001,PG-13,108,United Kingdom,Thriller
Title 517,Movie,2011,G,94,Japan,Drama
Title 518,Movie,2004,R,176,Canada,Comedy
Title 519,TV Show,2023,R,100,United States,Thriller
Title 520,TV Show,2008,G,110,Japan,Drama
Title 521,Movie,2019,TV-14,122,France,Comedy
Title 522,Movie,2004,TV-MA,174,India,Thriller
Title 523,Movie,2016,TV-MA,103,India,Documentary
Title 524,TV Show,1997,R,179,France,Comedy
Title 525,Movie,2004,TV-MA,98,United Kingdom,Romance
Title 526,Movie,2009,G,79,France,Thriller
Title 527,Movie,2019,PG-13,102,United States,Action
Title 528,TV Show,1999,R,158,Japan,Action
Title 529,Movie,2023,PG,162,France,Documentary
Title 530,Movie,2015,TV-14,81,Japan,Drama
Title 531,Movie,1995,TV-MA,80,Canada,Romance
Title 532,Movie,2005,TV-MA,150,France,Documentary
Title 533,Movie,2023,PG,95,France,Drama
Title 534,Movie,2008,TV-14,87,United States,Action
Title 535,Movie,2006,PG,63,United States,Thriller
Title 536,Movie,1997,TV-14,149,United Kingdom,Documentary
Title 537,Movie,2000,G,67,United States,Romance
Title 538,TV Show,2002,TV-14,64,United States,Comedy
Title 539,TV Show,2018,G,64,United States,Documentary
Title 540,TV Show,2012,TV-MA,113,France,Documentary
Title 541,Movie,1998,TV-14,69,France,Comedy
Title 542,Movie,2010,PG-13,128,United States,Thriller
Title 543,Movie,1997,G,93,India,Action
Title 544,Movie,2011,TV-14,109,United States,Documentary
Title 545,TV Show,2014,G,134,United States,Documentary
Title 546,Movie,2013,R,83,Japan,Drama
Title 547,TV Show,2013,TV-14,117,United Kingdom,Action
Title 548,TV Show,2005,R,172,United States,Thriller
Title 549,Movie,2013,G,156,United States,Action
Title 550,Movie,2023,PG-13,137,Japan,Drama
Title 551,TV Show,1998,TV-MA,81,United Kingdom,Drama
Title 552,Movie,2016,PG,152,United States,Romance
Title 553,Movie,2021,TV-14,83,United States,Documentary
Title 554,Movie,2012,G,172,Canada,Romance
Title 555,TV Show,2002,PG-13,65,Japan,Romance
Title 556,Movie,2005,PG-13,121,United Kingdom,Documentary
Title 557,Movie,2009,PG-13,62,United Kingdom,Action
Title 558,Movie,2000,G,60,Canada,Documentary
Title 559,Movie,2023,G,69,United Kingdom,Comedy
Title 560,TV Show,2006,TV-14,131,Japan,Action
Title 561,Movie,2014,TV-14,89,India,Documentary
Title 562,Movie,2005,PG-13,81,France,Drama
Title 563,TV Show,2005,PG-13,140,France,Romance
Title 564,TV Show,2004,TV-14,138,Japan,Thriller
Title 565,Movie,2022,G,143,United Kingdom,Comedy
Title 566,TV Show,1998,TV-MA,97,France,Action
Title 567,Movie,2006,G,150,United States,Comedy
Title 568,TV Show,1995,R,136,United States,Thriller
Title 569,TV Show,2001,PG-13,139,India,Documentary
Title 570,TV Show,2014,TV-MA,143,Canada,Romance
Title 571,TV Show,2017,PG,78,Japan,Romance
Title 572,Movie,2022,G,166,France,Drama
Title 573,Movie,2020,PG-13,126,India,Documentary
Title 574,Movie,2016,G,76,France,Documentary
Title 575,TV Show,1996,PG,135,United States,Action
Title 576,Movie,2007,G,159,India,Drama
Title 577,Movie,2004,TV-MA,69,Japan,Comedy
Title 578,TV Show,2014,PG,133,India,Thriller
Title 579,Movie,2006,R,90,Canada,Documentary
Title 580,TV Show,1998,R,82,United States,Thriller
Title 581,Movie,2004,PG-13,166,India,Documentary
Title 582,TV Show,2021,R,80,United States,Drama
Title 583,Movie,2018,G,165,United States,Drama
Title 584,Movie,2003,TV-MA,143,United Kingdom,Comedy
Title 585,TV Show,2015,R,128,United Kingdom,Romance
Title 586,Movie,2018,PG-13,170,Canada,Thriller
Title 587,Movie,2021,G,139,United States,Documentary
Title 588,Movie,2003,PG-13,93,United Kingdom,Documentary
Title 589,Movie,2004,PG-13,124,Japan,Drama
Title 590,TV Show,2008,TV-MA,171,Japan,Documentary
Title 591,TV Show,2023,TV-14,75,France,Thriller
Title 592,TV Show,2010,TV-MA,137,United States,Romance
Title 593,TV Show,2010,PG-13,69,India,Thriller
Title 594,Movie,1999,PG-13,109,United States,Romance
Title 595,Movie,1996,R,166,India,Romance
Title 596,TV Show,2000,R,70,Canada,Action
Title 597,Movie,2005,PG,173,United Kingdom,Comedy
Title 598,Movie,1995,TV-14,163,France,Thriller
Title 599,Movie,2014,TV-MA,94,United Kingdom,Romance
Title 600,TV Show,2001,TV-14,99,Japan,Thriller
Title 601,Movie,1998,R,108,India,Drama
Title 602,Movie,2011,PG-13,104,Japan,Comedy
Title 603,TV Show,1998,R,168,Canada,Comedy
Title 604,Movie,2021,PG,166,India,Drama
Title 605,Movie,2001,R,61,Japan,Drama
Title 606,Movie,2004,PG-13,132,Canada,Thriller
Title 607,Movie,2000,R,60,Japan,Action
Title 608,Movie,2006,R,71,Canada,Thriller
Title 609,Movie,2012,TV-MA,86,Japan,Thriller
Title 610,Movie,2018,TV-MA,154,France,Romance
Title 611,Movie,2006,PG,167,France,Thriller
Title 612,Movie,1998,PG,102,United Kingdom,Comedy
Title 613,TV Show,2015,R,79,France,Documentary
Title 614,Movie,2022,TV-MA,145,India,Action
Title 615,Movie,2018,TV-MA,171,India,Drama
Title 616,Movie,2023,R,61,Japan,Comedy
Title 617,Movie,2009,TV-14,120,Japan,Drama
Title 618,TV Show,2009,TV-MA,142,Canada,Romance
Title 619,Movie,2011,G,152,United Kingdom,Thriller
Title 620,TV Show,1998,PG-13,122,Japan,Romance
Title 621,Movie,2016,TV-14,71,United Kingdom,Drama
Title 622,TV Show,2001,G,109,United Kingdom,Thriller
Title 623,Movie,2006,G,123,Canada,Documentary
Title 624,TV Show,2022,G,176,France,Documentary
Title 625,TV Show,2001,TV-MA,163,United States,Thriller
Title 626,TV Show,2018,R,69,India,Romance
Title 627,TV Show,2015,TV-14,84,Canada,Drama
Title 628,TV Show,2022,TV-14,128,India,Action
Title 629,Movie,2018,TV-14,86,France,Romance
Title 630,Movie,1997,PG,112,France,Comedy
Title 631,Movie,1995,PG-13,167,Canada,Comedy
Title 632,Movie,1996,PG-13,114,Canada,Comedy
Title 633,Movie,2017,G,145,United States,Drama
Title 634,Movie,2016,PG,138,United Kingdom,Comedy
Title 635,TV Show,2020,R,89,United States,Comedy
Title 636,TV Show,1999,PG,61,Canada,Thriller
Title 637,Movie,2008,PG,138,United States,Thriller
Title 638,Movie,2003,PG-13,60,Japan,Thriller
Title 639,Movie,2002,TV-MA,75,Japan,Drama
Title 640,TV Show,2019,G,93,Japan,Comedy
Title 641,TV Show,2017,TV-MA,92,India,Romance
Title 642,TV Show,2012,TV-14,175,France,Comedy
Title 643,TV Show,2015,PG-13,161,France,Thriller
Title 644,Movie,2021,PG,129,United States,Documentary
Title 645,Movie,2003,G,90,Japan,Comedy
Title 646,Movie,2000,R,178,United Kingdom,Thriller
Title 647,TV Show,1996,R,165,Canada,Comedy
Title 648,TV Show,2017,PG,107,France,Documentary
Title 649,TV Show,2021,TV-MA,174,United States,Drama
Title 650,Movie,2013,TV-MA,118,Canada,Action
Title 651,Movie,2005,G,133,France,Action
Title 652,Movie,2006,TV-14,177,Japan,Comedy
Title 653,Movie,2002,PG-13,67,United States,Romance
Title 654,Movie,2021,TV-MA,90,Canada,Comedy
Title 655,TV Show,2005,R,145,United Kingdom,Documentary
Title 656,Movie,2016,R,90,United States,Comedy
Title 657,Movie,2002,R,101,United States,Action
Title 658,Movie,2020,TV-14,68,United States,Comedy
Title 659,Movie,2007,TV-MA,125,France,Comedy
Title 660,TV Show,2017,PG,169,United Kingdom,Thriller
Title 661,Movie,2017,TV-MA,145,Japan,Comedy
Title 662,TV Show,2014,TV-MA,68,United Kingdom,Thriller
Title 663,Movie,2020,G,169,Japan,Drama
Title 664,Movie,2008,PG-13,109,United States,Romance
Title 665,Movie,2020,TV-14,176,Japan,Comedy
Title 666,Movie,2005,TV-MA,124,United States,Thriller
Title 667,TV Show,1998,TV-MA,151,United Kingdom,Documentary
Title 668,Movie,2015,PG-13,110,Canada,Documentary
Title 669,TV Show,2015,R,108,United States,Thriller
Title 670,Movie,2012,TV-14,149,United Kingdom,Documentary
Title 671,Movie,2014,PG-13,89,France,Documentary
Title 672,Movie,2020,TV-MA,131,United Kingdom,Comedy
Title 673,Movie,2000,PG,86,Canada,Action
Title 674,Movie,1996,G,155,United States,Action
Title 675,TV Show,2023,G,74,Japan,Comedy
Title 676,TV Show,2007,PG-13,79,United Kingdom,Comedy
Title 677,TV Show,2020,PG-13,68,India,Action
Title 678,Movie,2002,R,99,United States,Comedy
Title 679,Movie,2023,G,89,United States,Comedy
Title 680,Movie,2000,PG-13,83,India,Action
Title 681,Movie,2015,TV-14,137,United States,Thriller
Title 682,Movie,2021,TV-MA,100,France,Drama
Title 683,Movie,1997,TV-MA,61,France,Comedy
Title 684,TV Show,2011,PG,149,Canada,Action
Title 685,Movie,2008,TV-14,148,Japan,Documentary
Title 686,Movie,2003,PG,90,Canada,Comedy
Title 687,TV Show,2002,TV-14,101,United Kingdom,Comedy
Title 688,Movie,1996,PG-13,140,United Kingdom,Thriller
Title 689,TV Show,1996,R,122,France,Drama
Title 690,Movie,1996,R,135,United States,Comedy
Title 691,TV Show,2004,R,163,Japan,Drama
Title 692,Movie,2018,TV-14,131,Japan,Action
Title 693,Movie,1999,R,162,India,Action
Title 694,Movie,2019,G,145,Japan,Documentary
Title 695,Movie,2001,TV-14,148,France,Romance
Title 696,Movie,1996,TV-14,97,Canada,Thriller
Title 697,Movie,2013,R,103,Canada,Action
Title 698,Movie,2023,PG,119,Canada,Documentary
Title 699,Movie,2019,TV-14,96,Japan,Comedy
Title 700,TV Show,2015,PG,92,Japan,Comedy
Title 701,Movie,2022,TV-14,133,India,Action
Title 702,Movie,2018,G,173,Canada,Romance
Title 703,Movie,2020,PG-13,164,Canada,Documentary
Title 704,Movie,2005,TV-MA,76,United Kingdom,Thriller
Title 705,Movie,2010,PG,95,United States,Documentary
Title 706,Movie,2019,PG,179,Japan,Romance
Title 707,Movie,2023,TV-14,63,United States,Drama
Title 708,Movie,2019,G,99,India,Thriller
Title 709,Movie,1998,PG,97,Canada,Thriller
Title 710,TV Show,2013,TV-MA,63,United Kingdom,Comedy
Title 711,Movie,2016,G,100,United States,Thriller
Title 712,Movie,2001,R,118,India,Thriller
Title 713,TV Show,2015,R,159,United Kingdom,Comedy
Title 714,Movie,2016,R,61,Canada,Thriller
Title 715,Movie,2018,TV-MA,63,India,Romance
Title 716,Movie,2022,PG-13,71,Japan,Thriller
Title 717,Movie,2021,PG,63,United Kingdom,Action
Title 718,Movie,2020,TV-MA,170,United States,Thriller
Title 719,Movie,1995,PG-13,119,France,Thriller
Title 720,TV Show,2009,G,72,United States,Drama
Title 721,TV Show,1998,TV-MA,156,France,Drama
Title 722,TV Show,2016,G,99,India,Documentary
Title 723,Movie,2000,PG-13,110,United Kingdom,Romance
Title 724,TV Show,2002,TV-MA,60,United Kingdom,Drama
Title 725,Movie,2019,PG,114,United Kingdom,Documentary
Title 726,TV Show,2011,PG-13,114,Canada,Romance
Title 727,TV Show,2006,PG,171,United States,Documentary
Title 728,TV Show,2006,G,147,France,Drama
Title 729,TV Show,2007,PG,131,Canada,Drama
Title 730,Movie,1997,TV-MA,119,India,Comedy
Title 731,Movie,2017,TV-MA,125,India,Romance
Title 732,Movie,2000,R,158,Japan,Documentary
Title 733,Movie,2012,TV-14,73,Japan,Thriller
Title 734,Movie,2021,PG,116,Canada,Drama
Title 735,Movie,2009,R,90,Japan,Romance
Title 736,TV Show,2000,PG-13,145,France,Thriller
Title 737,Movie,2009,G,141,India,Drama
Title 738,Movie,2012,PG-13,83,Japan,Action
Title 739,Movie,2004,TV-14,95,Japan,Thriller
Title 740,Movie,2009,G,93,Japan,Drama
Title 741,Movie,2007,TV-14,66,United States,Drama
Title 742,TV Show,1997,PG,84,India,Documentary
Title 743,Movie,1998,TV-MA,94,France,Thriller
Title 744,Movie,1995,PG,179,Japan,Romance
Title 745,Movie,2007,G,164,United States,Comedy
Title 746,Movie,2007,R,117,Canada,Documentary
Title 747,TV Show,2007,G,162,France,Drama
Title 748,TV Show,2014,R,133,United States,Romance
Title 749,TV Show,1995,PG-13,84,Japan,Action
Title 750,Movie,2012,TV-MA,153,United States,Documentary
Title 751,Movie,2022,PG-13,65,United States,Thriller
Title 752,Movie,1997,PG,172,France,Romance
Title 753,TV Show,2013,TV-14,108,Japan,Romance
Title 754,Movie,2014,R,85,United Kingdom,Romance
Title 755,Movie,1999,R,128,India,Comedy
Title 756,TV Show,2022,PG-13,170,United Kingdom,Comedy
Title 757,Movie,2016,TV-MA,98,Japan,Documentary
Title 758,Movie,2019,TV-MA,60,India,Documentary
Title 759,Movie,2000,PG-13,119,France,Action
Title 760,Movie,2012,TV-MA,138,India,Drama
Title 761,TV Show,2001,PG,133,Japan,Comedy
Title 762,Movie,2010,TV-14,160,France,Documentary
Title 763,Movie,1996,G,171,United States,Comedy
Title 764,Movie,2010,R,110,Canada,Comedy
Title 765,TV Show,2004,TV-14,88,United Kingdom,Comedy
Title 766,TV Show,2017,R,75,United Kingdom,Documentary
Title 767,TV Show,2008,R,126,France,Documentary
Title 768,Movie,2012,G,96,India,Action
Title 769,TV Show,2007,PG,67,India,Romance
Title 770,TV Show,2016,PG-13,141,Canada,Thriller
Title 771,TV Show,2017,TV-MA,91,United States,Thriller
Title 772,Movie,2008,TV-MA,103,India,Romance
Title 773,Movie,2013,G,101,India,Drama
Title 774,Movie,2010,R,139,Japan,Action
Title 775,TV Show,1997,TV-MA,88,United States,Action
Title 776,Movie,2006,PG-13,114,Canada,Comedy
Title 777,Movie,2004,TV-MA,112,India,Romance
Title 778,Movie,2013,R,178,France,Comedy
Title 779,TV Show,2003,TV-14,102,United States,Thriller
Title 780,TV Show,2017,PG-13,91,India,Thriller
Title 781,Movie,2014,R,146,Canada,Romance
Title 782,Movie,2010,R,117,United Kingdom,Thriller
Title 783,TV Show,1999,G,174,France,Documentary
Title 784,TV Show,2005,R,83,Japan,Action
Title 785,Movie,2012,PG-13,128,France,Comedy
Title 786,Movie,2001,G,124,France,Action
Title 787,Movie,2017,G,77,France,Romance
Title 788,Movie,2007,PG-13,130,United Kingdom,Romance
Title 789,Movie,2003,G,128,United Kingdom,Thriller
Title 790,Movie,2003,PG-13,135,United Kingdom,Drama
Title 791,Movie,2003,TV-MA,156,United Kingdom,Documentary
Title 792,Movie,2007,G,140,Canada,Drama
Title 793,Movie,2000,TV-MA,62,India,Romance
Title 794,Movie,2013,G,134,United Kingdom,Action
Title 795,TV Show,1997,R,99,United Kingdom,Documentary
Title 796,TV Show,2000,TV-14,98,Canada,Comedy
Title 797,Movie,2020,PG-13,114,United States,Drama
Title 798,Movie,2000,R,163,Canada,Drama
Title 799,Movie,1999,TV-MA,179,United States,Action
Title 800,Movie,2005,PG-13,60,France,Romance
Title 801,Movie,2022,PG-13,69,Canada,Thriller
Title 802,Movie,2012,TV-14,135,France,Documentary
Title 803,Movie,2021,TV-MA,104,United States,Action
Title 804,Movie,2006,PG-13,112,Canada,Romance
Title 805,TV Show,2012,PG-13,141,United States,Documentary
Title 806,TV Show,2003,G,160,United States,Documentary
Title 807,TV Show,2019,PG,165,France,Comedy
Title 808,Movie,1998,R,107,United States,Romance
Title 809,TV Show,2011,PG,129,India,Thriller
Title 810,TV Show,2006,PG-13,165,United Kingdom,Romance
Title 811,Movie,2020,TV-14,108,Canada,Romance
Title 812,Movie,2013,TV-14,98,France,Action
Title 813,Movie,2010,PG,96,United Kingdom,Thriller
Title 814,TV Show,2020,TV-14,64,France,Thriller
Title 815,Movie,1998,TV-14,173,India,Drama
Title 816,Movie,2017,G,135,Japan,Drama
Title 817,Movie,1999,TV-MA,99,United Kingdom,Comedy
Title 818,Movie,2023,TV-MA,153,Canada,Comedy
Title 819,TV Show,2002,PG,167,Japan,Thriller
Title 820,Movie,2016,G,122,United States,Documentary
Title 821,Movie,2016,TV-14,105,Japan,Documentary
Title 822,Movie,1998,TV-14,135,United States,Romance
Title 823,Movie,2019,TV-MA,102,United Kingdom,Drama
Title 824,Movie,2006,PG,92,France,Comedy
Title 825,Movie,2018,PG,61,Canada,Thriller
Title 826,TV Show,2010,R,168,United States,Romance
Title 827,Movie,2008,G,107,United Kingdom,Action
Title 828,TV Show,2021,R,94,United Kingdom,Romance
Title 829,TV Show,2010,PG,102,India,Drama
Title 830,Movie,1996,R,102,Japan,Documentary
Title 831,Movie,2006,TV-14,168,Canada,Romance
Title 832,Movie,2018,R,134,Canada,Drama
Title 833,TV Show,2000,PG,102,France,Action
Title 834,Movie,2021,TV-MA,164,France,Romance
Title 835,TV Show,1999,PG-13,106,United Kingdom,Action
Title 836,Movie,2022,TV-MA,163,India,Drama
Title 837,TV Show,1995,TV-14,139,United Kingdom,Drama
Title 838,Movie,2000,G,169,France,Drama
Title 839,Movie,2006,TV-MA,150,United States,Documentary
Title 840,TV Show,2023,TV-14,165,India,Thriller
Title 841,Movie,2008,PG,100,Japan,Drama
Title 842,Movie,2021,R,168,Canada,Comedy
Title 843,Movie,2022,G,172,United States,Romance
Title 844,TV Show,2002,G,140,United States,Documentary
Title 845,Movie,2022,G,103,Japan,Thriller
Title 846,TV Show,2003,R,152,Canada,Action
Title 847,TV Show,2006,TV-14,124,Japan,Action
Title 848,Movie,1996,TV-MA,123,United Kingdom,Comedy
Title 849,Movie,2009,R,104,India,Romance
Title 850,Movie,2001,TV-14,62,United States,Documentary
Title 851,TV Show,2006,PG-13,82,Japan,Comedy
Title 852,TV Show,2005,G,84,Japan,Documentary
Title 853,Movie,2017,PG,104,United Kingdom,Romance
Title 854,TV Show,2020,R,143,Canada,Documentary
Title 855,TV Show,1995,G,154,United Kingdom,Action
Title 856,TV Show,2013,R,137,United States,Comedy
Title 857,Movie,2003,TV-14,67,India,Action
Title 858,Movie,2001,R,143,India,Romance
Title 859,Movie,2017,TV-MA,159,Canada,Comedy
Title 860,Movie,2022,R,113,United Kingdom,Documentary
Title 861,TV Show,2006,TV-14,177,France,Comedy
Title 862,TV Show,1998,PG,122,India,Thriller
Title 863,Movie,2015,PG-13,89,France,Thriller
Title 864,Movie,1999,PG-13,144,United Kingdom,Romance
Title 865,Movie,1999,R,68,United Kingdom,Romance
Title 866,TV Show,2012,R,134,France,Comedy
Title 867,Movie,2015,R,101,Canada,Documentary
Title 868,Movie,2022,PG-13,94,France,Thriller
Title 869,TV Show,2010,TV-14,106,United States,Romance
Title 870,Movie,2014,TV-14,121,France,Comedy
Title 871,TV Show,2003,R,135,France,Documentary
Title 872,Movie,2021,TV-14,132,Canada,Romance
Title 873,Movie,2021,TV-MA,177,United States,Drama
Title 874,Movie,2004,R,115,United Kingdom,Thriller
Title 875,Movie,2013,PG,145,United States,Romance
Title 876,Movie,2012,PG,176,France,Documentary
Title 877,Movie,2002,PG-13,128,Japan,Documentary
Title 878,Movie,2019,PG,107,United Kingdom,Action
Title 879,TV Show,2014,PG-13,67,Canada,Comedy
Title 880,TV Show,1998,TV-14,116,United Kingdom,Comedy
Title 881,TV Show,2004,PG,145,Canada,Thriller
Title 882,Movie,2023,PG-13,146,France,Thriller
Title 883,Movie,2010,G,130,United States,Documentary
Title 884,TV Show,2011,PG,79,United States,Comedy
Title 885,TV Show,2018,TV-14,103,United States,Documentary
Title 886,Movie,2002,R,130,Japan,Documentary
Title 887,TV Show,2016,PG-13,156,United States,Romance
Title 888,TV Show,1998,PG-13,161,United States,Thriller
Title 889,Movie,2022,TV-MA,146,India,Thriller
Title 890,TV Show,2002,G,165,France,Comedy
Title 891,Movie,2003,G,81,United States,Comedy
Title 892,Movie,2000,TV-14,176,Japan,Romance
Title 893,Movie,2000,TV-14,71,United States,Comedy
Title 894,Movie,1996,R,103,Canada,Drama
Title 895,Movie,2018,PG-13,127,France,Documentary
Title 896,Movie,2023,G,156,Canada,Romance
Title 897,TV Show,2009,G,89,United States,Documentary
Title 898,Movie,2001,TV-MA,81,France,Action
Title 899,Movie,2012,TV-14,141,France,Romance
Title 900,Movie,2003,R,129,France,Drama
Title 901,TV Show,2021,TV-14,171,United Kingdom,Action
Title 902,Movie,1996,R,151,India,Romance
Title 903,Movie,1997,G,61,India,Comedy
Title 904,Movie,2011,PG,93,United States,Action
Title 905,TV Show,1997,TV-MA,100,India,Thriller
Title 906,TV Show,2006,PG,167,France,Comedy
Title 907,Movie,2005,TV-MA,163,United Kingdom,Romance
Title 908,Movie,2015,PG,103,India,Comedy
Title 909,Movie,1999,R,111,India,Comedy
Title 910,Movie,2009,TV-14,161,United Kingdom,Comedy
Title 911,TV Show,2019,TV-14,154,Canada,Thriller
Title 912,Movie,2015,TV-14,142,United States,Comedy
Title 913,TV Show,2002,PG-13,114,France,Thriller
Title 914,Movie,2000,R,139,Japan,Romance
Title 915,TV Show,2009,G,111,United Kingdom,Drama
Title 916,Movie,2013,PG,105,Canada,Thriller
Title 917,Movie,2009,TV-14,164,Japan,Comedy
Title 918,Movie,2010,G,153,United States,Thriller
Title 919,TV Show,2014,R,64,Canada,Action
Title 920,Movie,1995,TV-14,116,United States,Romance
Title 921,TV Show,2018,PG,108,India,Comedy
Title 922,Movie,2020,TV-MA,166,United Kingdom,Action
Title 923,Movie,2022,PG-13,80,United States,Action
Title 924,TV Show,2001,TV-14,76,United Kingdom,Thriller
Title 925,Movie,2004,R,113,United Kingdom,Action
Title 926,TV Show,2019,R,145,Japan,Comedy
Title 927,TV Show,1996,PG-13,126,Canada,Documentary
Title 928,Movie,2006,R,80,France,Action
Title 929,TV Show,2018,PG,169,Canada,Action
Title 930,Movie,2023,PG,116,Japan,Thriller
Title 931,TV Show,2001,R,84,Canada,Comedy
Title 932,Movie,2003,PG,103,France,Documentary
Title 933,Movie,2023,R,144,Japan,Drama
Title 934,Movie,1999,TV-14,169,France,Romance
Title 935,Movie,2007,R,123,Canada,Drama
Title 936,TV Show,1998,TV-MA,75,United Kingdom,Drama
Title 937,Movie,2000,PG-13,157,India,Comedy
Title 938,Movie,2021,PG,84,France,Comedy
Title 939,Movie,2007,PG-13,148,India,Action
Title 940,TV Show,2013,TV-14,164,United Kingdom,Romance
Title 941,Movie,1995,TV-MA,151,France,Thriller
Title 942,Movie,1996,G,121,United States,Comedy
Title 943,Movie,2015,R,63,United States,Comedy
Title 944,TV Show,2008,PG,79,Canada,Action
Title 945,Movie,2021,G,72,India,Romance
Title 946,Movie,2011,G,174,United States,Documentary
Title 947,TV Show,2006,PG,104,Canada,Thriller
Title 948,Movie,2016,TV-14,134,Canada,Romance
Title 949,TV Show,2009,G,69,Canada,Romance
Title 950,TV Show,2008,TV-14,123,Japan,Action
Title 951,Movie,2003,TV-14,152,United Kingdom,Documentary
Title 952,TV Show,1998,R,177,India,Drama
Title 953,Movie,2004,TV-14,106,France,Comedy
Title 954,Movie,2012,TV-14,155,Canada,Drama
Title 955,Movie,2000,R,147,France,Drama
Title 956,Movie,2021,TV-14,73,United States,Drama
Title 957,Movie,2022,R,129,United Kingdom,Action
Title 958,Movie,2006,TV-MA,105,Japan,Thriller
Title 959,TV Show,2008,G,164,France,Documentary
Title 960,TV Show,2004,R,67,Canada,Romance
Title 961,Movie,2008,TV-MA,101,United Kingdom,Drama
Title 962,Movie,2008,R,170,Canada,Thriller
Title 963,Movie,2011,R,76,United Kingdom,Action
Title 964,Movie,2019,PG,110,France,Thriller
Title 965,Movie,2021,R,99,France,Documentary
Title 966,Movie,2012,R,95,United States,Action
Title 967,Movie,2017,R,166,Japan,Romance
Title 968,TV Show,2020,R,88,India,Comedy
Title 969,Movie,2023,R,177,Japan,Comedy
Title 970,TV Show,2008,PG-13,141,Canada,Romance
Title 971,TV Show,2002,PG-13,97,Canada,Documentary
Title 972,Movie,2021,TV-MA,61,United States,Action
Title 973,TV Show,2012,TV-14,141,Japan,Comedy
Title 974,Movie,1999,TV-MA,90,United Kingdom,Documentary
Title 975,TV Show,2006,TV-MA,94,Japan,Documentary
Title 976,Movie,2010,PG-13,176,United Kingdom,Drama
Title 977,Movie,2023,TV-14,63,France,Documentary
Title 978,Movie,2020,TV-MA,93,France,Action
Title 979,Movie,2003,PG,103,Canada,Comedy
Title 980,Movie,2021,G,149,India,Comedy
Title 981,TV Show,2022,PG,61,Canada,Drama
Title 982,TV Show,2001,G,158,Japan,Romance
Title 983,TV Show,2002,TV-14,116,United Kingdom,Comedy
Title 984,Movie,2016,G,109,India,Documentary
Title 985,TV Show,2018,R,163,India,Drama
Title 986,Movie,2019,TV-MA,100,United States,Thriller
Title 987,TV Show,2021,G,142,France,Romance
Title 988,TV Show,2022,R,101,India,Action
Title 989,Movie,2006,PG,114,Japan,Romance
Title 990,TV Show,2000,R,145,Canada,Comedy
Title 991,Movie,2012,G,107,United Kingdom,Comedy
Title 992,Movie,2015,R,152,France,Drama
Title 993,Movie,2018,R,125,Japan,Comedy
Title 994,Movie,2019,PG,101,Canada,Romance
Title 995,TV Show,2018,PG,98,United Kingdom,Documentary
Title 996,Movie,2023,TV-14,72,Canada,Drama
Title 997,Movie,2018,G,139,Canada,Thriller
Title 998,TV Show,2020,TV-14,88,France,Thriller
Title 999,Movie,2004,TV-14,85,United Kingdom,Documentary
Title 1000,TV Show,1995,R,174,Canada,Documentary
